{
  "num_floors": 7,
  "floors": [
    {
      "shape": "CUBE",
      "height": 1.5,
      "scale": [3.0, 3.0, 1.0],
      "color": [0.8, 0.3, 0.3, 1.0],
      "metallic": 0.1,
      "roughness": 0.7,
      "position": [0, 0, 0.75]
    },
    {
      "shape": "CYLINDER",
      "height": 1.2,
      "scale": [2.5, 2.5, 1.0],
      "color": [0.7, 0.5, 0.2, 1.0],
      "metallic": 0.2,
      "roughness": 0.6,
      "position": [0, 0, 2.1]
    },
    {
      "shape": "SPHERE",
      "height": 1.0,
      "scale": [2.0, 2.0, 1.2],
      "color": [0.6, 0.6, 0.3, 1.0],
      "metallic": 0.3,
      "roughness": 0.5,
      "position": [0, 0, 3.4]
    },
    {
      "shape": "CONE",
      "height": 1.3,
      "scale": [1.8, 1.8, 1.5],
      "color": [0.5, 0.7, 0.3, 1.0],
      "metallic": 0.4,
      "roughness": 0.4,
      "position": [0, 0, 4.85]
    },
    {
      "shape": "CUBE",
      "height": 1.0,
      "scale": [1.5, 1.5, 1.0],
      "color": [0.4, 0.8, 0.3, 1.0],
      "metallic": 0.5,
      "roughness": 0.3,
      "position": [0, 0, 6.1]
    },
    {
      "shape": "CYLINDER",
      "height": 0.8,
      "scale": [1.2, 1.2, 1.0],
      "color": [0.3, 0.9, 0.3, 1.0],
      "metallic": 0.6,
      "roughness": 0.2,
      "position": [0, 0, 7.2]
    },
    {
      "shape": "SPHERE",
      "height": 0.6,
      "scale": [0.8, 0.8, 0.8],
      "color": [0.2, 1.0, 0.3, 1.0],
      "metallic": 0.7,
      "roughness": 0.1,
      "position": [0, 0, 8.1]
    }
  ]
}